{"flutter":{"platforms":{"android":{"default":{"projectId":"healthsync-14b50","appId":"1:778984983203:android:adaf2d0c3f5f0025fb4d16","fileOutput":"android/app/google-services.json"}},"dart":{"lib/firebase_options.dart":{"projectId":"healthsync-14b50","configurations":{"android":"1:778984983203:android:adaf2d0c3f5f0025fb4d16","ios":"1:778984983203:ios:637d8c0251d1e5fbfb4d16","macos":"1:778984983203:ios:637d8c0251d1e5fbfb4d16","web":"1:778984983203:web:c530058297727037fb4d16","windows":"1:778984983203:web:a7a054f499c55e09fb4d16"}}}}}}